Scenario,DV,OLS_R2,OLS_p,OLS_MSE,RF_R2,RF_MSE,GBM_R2,GBM_MSE
Index-Level,dv1_healthcare_access,0.1899125187838413,2.3141251678378747e-139,283401.0539882952,0.20360257115860647,287323.0781477452,0.2360995992115671,275598.8487709452
Index-Level,dv2_healthcare_quality,0.6586875001804978,0.0,999640.9252120599,0.6406961786381189,905597.9651066099,0.6529237507161725,874779.2993042024
Index-Level,dv3_operational_eff,0.05558967002909332,7.128044544751701e-24,388.283332531878,0.006229994758094715,546.0195241929338,0.04748809375178609,523.3505691401431
Component-Level (No Interactions),dv1_healthcare_access,0.4789937055975876,1.4285531160590716e-294,124928.32996959666,0.4683047100532456,99499.3505067056,0.4039151953847464,111548.94923382477
Component-Level (No Interactions),dv2_healthcare_quality,0.8398736829295759,0.0,406675.6698620006,0.8186306340169304,410488.1367370279,0.8238719726326738,398625.56385586597
Component-Level (No Interactions),dv3_operational_eff,0.11915474900412171,3.422845567267782e-39,365.96650373236713,0.1044228692431457,408.1440532236849,0.04413014350407285,435.6214380495489
Component-Level (With Interactions),dv1_healthcare_access,0.5852715844683068,8.80962290451096e-220,99444.72629210429,0.4550553220908402,101978.78848894298,0.43014959629620975,106639.54736215399
Component-Level (With Interactions),dv2_healthcare_quality,0.8933372866522254,0.0,270893.19977881794,0.8383696687616693,365813.3398139813,0.8308805772381191,382763.1880349988
Component-Level (With Interactions),dv3_operational_eff,0.31343263599394555,9.273510442223942e-32,285.24948905380325,0.08402045003548586,417.4421089522248,0.06318643585259642,426.93685675394465
