Component,Raw_Treatment_Col,Median_Used,N_Total,N_Treated,N_Control,OLS Coefficient (Beta),OLS p-value,OLS CI_Lower,OLS CI_Upper,IPTW ATE,IPTW CI_Lower,IPTW CI_Upper,AIPW ATE,AIPW CI_Lower,AIPW CI_Upper,AIPW ATE P-Value (raw),E_Value,Deaths Averted (AIPW/IPTW chosen),AIPW ATE Q-Value (BH)
MO11_AI_Automate_Tasks,mo11_ai_automate_routine_tasks_pct,0.0,3080,417,2663,-447.96392852992926,1.640327753823365e-06,-631.1335755000662,-264.79428155979235,-1353.8568372841983,-1795.1605305876121,-964.3812437963707,-828.4365249675975,-1483.2870270151043,-286.07956828832494,0.003992015968063872,1.774518422265258,44244.66400264361,0.011976047904191616
MO12_AI_Optimize_Workflows,mo12_ai_optimize_workflows_pct,0.0,3080,453,2627,-404.0461688115532,2.2510583210183753e-07,-557.0050728712185,-251.08726475188783,-549.330228699886,-1037.2610998107145,-24.177681637934413,-305.800335216034,-708.2000686005949,92.83407696213743,0.15169660678642716,1.3766731099129643,15372.790900986369,0.22754491017964074
MO13_AI_Predict_Demand,mo13_ai_predict_patient_demand_pct,0.0,3080,337,2743,-334.28674040505405,0.000881264351740485,-531.281702307362,-137.2917785027461,-897.7291846226235,-1231.131786471016,-582.5638951106646,-367.9540609115138,-680.2738460505597,-71.89954241955135,0.015968063872255488,1.4292686889049866,21767.511599240897,0.031936127744510975
MO14_AI_Predict_Staff,mo14_ai_predict_staff_needs_pct,0.0,3080,318,2762,-289.33071572940844,0.01853871951525444,-530.1609164529639,-48.50051500585306,-657.9450624381097,-1037.9085198136884,-349.8399229637662,-178.90778619452976,-473.2438309671819,105.39317299560139,0.24750499001996007,1.2688505351558175,10920.255504553998,0.24750499001996007
MO15_AI_Staff_Scheduling,mo15_ai_staff_scheduling_pct,0.0,3080,299,2781,-242.46950768868243,0.026478517243162403,-456.6225784196737,-28.316436957691167,-822.9442146426754,-1328.3157569501143,-420.84066988481646,-433.621599887907,-1152.589840074414,142.57067526988337,0.22355289421157684,1.4813238247878875,28427.78366410702,0.24750499001996007
MO21_Robotics_In_Hospital,mo21_robotics_in_hospital_pct,0.0,3080,775,2305,-598.2675185285518,9.767216466671132e-08,-818.2229258734324,-378.3121111836713,-1042.1354121163604,-1324.5470336135656,-734.1746817272925,-469.25728775157404,-747.3445788489336,-177.2940042335058,0.003992015968063872,1.5022325251977648,11835.207957537037,0.011976047904191616
