Interaction_Name,DV,N_Obs_Model,Interaction_Beta,Interaction_P_Value,Interaction_CI_Lower,Interaction_CI_Upper
MO1_x_SP5_on_DV2,dv2_health_outcomes_score,3132,366.7224657480763,0.12180167488430982,-97.81805624192981,831.2629877380823
IV3_x_MO1_x_SP5_on_DV2,dv2_health_outcomes_score,3132,39.67895061522549,0.0981126561011198,-7.33790313179891,86.69580436224989
MO2_x_SP5_on_DV3,dv3_avg_patient_services_margin,2107,0.07374924552222313,0.0001586155026598835,0.03548102706829184,0.11201746397615442
