Family,Trend_Slope,P_Value
F1_MO1_on_DV21,12.403429279052325,0.9778255982909189
F2_MO2_on_DV21,139.36927482009878,0.2670925006599344
F3_IV3xMO1_on_DV21,28.35250366505407,0.4695752079127361
