dv,ai_variable,robotics_variable,beta_interaction,p_value,ci_low,ci_high,n_obs,fit_error
preventable_hospital_stays_raw_value,MO14,MO21,0.03049291948164194,0.00657419302590093,0.008501704823490663,0.05248413413979321,3065,0
preventable_hospital_stays_raw_value,MO13,MO21,0.02998222842982822,0.02520228285364007,0.0037281945489021535,0.05623626231075429,3065,0
preventable_hospital_stays_raw_value,MO12,MO21,0.025828126260121473,0.04857018613108327,0.00016213675508307268,0.05149411576515987,3065,0
preventable_hospital_stays_raw_value,MO15,MO21,0.015958532482450646,0.15277553652827922,-0.005917417507607395,0.03783448247250869,3065,0
preventable_hospital_stays_raw_value,MO11,MO21,0.018354710205364798,0.17444165103599862,-0.008134782807149122,0.044844203217878714,3065,0
