model,n_ai_vars,variables,beta,p_value,ci_low,ci_high,n_obs,fit_error
Single: MO11,1,MO11,-4.448068257584916,0.14326415595845116,-10.404068062452271,1.50793154728244,3080,0
Single: MO12,1,MO12,-2.6714012798274935,0.31973442922158735,-7.933542427223616,2.590739867568628,3080,0
Single: MO13,1,MO13,-3.903716770726507,0.1714363315906422,-9.498281470344669,1.690847928891654,3080,0
Single: MO14,1,MO14,-6.314396731246674,0.005387170130291749,-10.761516959095198,-1.8672765033981502,3080,0
Single: MO15,1,MO15,-4.2538579902215385,0.05719130862777822,-8.637708766278692,0.12999278583561402,3080,0
Stacked: All AI (sum),5,ai_sum_standardized,-28.32846495931407,0.056474551792409546,-57.43828086268942,0.7813509440612805,3080,0
Stacked: AI count,5,ai_count,-34.85144851456195,0.509659229803612,-138.4469256911646,68.7440286620407,3080,0
Combined: All AI (multivariate),5,"MO11, MO12, MO13, MO14, MO15",-4.036412996801566,0.3747123218347047,-12.948649846434526,4.8758238528313935,3080,0
