,auc,pr_auc,balanced_acc
mean,0.8320587416650741,0.5114096241537803,0.7379512101947948
std,0.02079461768375791,0.05168233168782781,0.023332997291969367
