,auc,pr_auc,balanced_acc
mean,0.8227157542902878,0.4149138293109078,0.7244368315238503
std,0.028054099789233095,0.06294465550280771,0.03036168699358909
