,auc,pr_auc,balanced_acc
mean,0.9184968976941446,0.8220284364304334,0.831389808729975
std,0.011111074279594502,0.02996919359384407,0.013742130389138919
