,auc,pr_auc,balanced_acc
mean,0.8165583174987816,0.4256598803393134,0.7188568690585875
std,0.025421101441578064,0.059830742642241086,0.028241193151462132
