,auc,pr_auc,balanced_acc
mean,0.8002208817760238,0.36023689431577266,0.7038288536747082
std,0.027383813997490784,0.05665642608071556,0.0303294233226353
