,auc,pr_auc,balanced_acc
mean,0.8388391014701123,0.49893100026881076,0.74048583647794
std,0.022864426873155177,0.050032364722218975,0.024092689503694975
