dv,moderator,chr_feature,beta_interaction,p_value,ci_low,ci_high,n_obs,fit_error,strength
premature_death_raw_value,MO15,frequent_mental_distress_ci_low,-228.20837825714247,0.022611755560306125,-424.38980558236426,-32.02695093192071,3080,0,228.20837825714247
premature_death_raw_value,MO21,broadband_access_ci_high,-130.87249268643583,0.00020709770983782461,-200.0077286749065,-61.737256697965165,3080,0,130.87249268643583
premature_death_raw_value,MO11,high_school_completion_ci_high,-120.37311950316149,0.0021711057925507707,-197.32834228403027,-43.41789672229271,3055,0,120.37311950316149
premature_death_raw_value,MO14,adult_obesity_raw_value,-118.90197654007555,0.027679308500893667,-224.74419478005916,-13.059758300091929,3080,0,118.90197654007555
premature_death_raw_value,MO12,broadband_access_ci_high,-106.73004491067161,0.034089807131726095,-205.44938107775096,-8.010708743592247,3080,0,106.73004491067161
premature_death_raw_value,MO13,broadband_access_ci_high,-99.45798707269017,0.021820115275669495,-184.45269958086192,-14.463274564518443,3080,0,99.45798707269017
