dv,moderator,chr_feature,beta_interaction,p_value,ci_low,ci_high,n_obs,fit_error,strength
preventable_hospital_stays_raw_value,MO11,frequent_mental_distress_ci_low,-171.4921093208534,4.427197176627507e-05,-253.79389467393798,-89.1903239677688,3065,0,171.4921093208534
preventable_hospital_stays_raw_value,MO14,frequent_mental_distress_ci_low,-164.06564291271883,6.448720080692194e-07,-228.67188779008382,-99.45939803535386,3065,0,164.06564291271883
preventable_hospital_stays_raw_value,MO15,frequent_mental_distress_ci_low,-142.17527649503535,2.0412024439206647e-05,-207.5828998256018,-76.7676531644689,3065,0,142.17527649503535
preventable_hospital_stays_raw_value,MO12,frequent_mental_distress_ci_low,-137.33228787995125,0.0010499122222433687,-219.47536993578876,-55.189205824113756,3065,0,137.33228787995125
preventable_hospital_stays_raw_value,MO13,frequent_mental_distress_ci_low,-115.03263750481254,0.002698778258758586,-190.18303606019535,-39.882238949429734,3065,0,115.03263750481254
preventable_hospital_stays_raw_value,MO21,adult_obesity_ci_high,-23.471862523552232,0.033941474117602656,-45.16402409226687,-1.779700954837594,3065,0,23.471862523552232
