dv,ai_variable,robotics_variable,beta_interaction,p_value,ci_low,ci_high,n_obs,fit_error
premature_death_raw_value,MO11,MO21,0.051429946225581336,0.2822717105358884,-0.04231821041723892,0.1451781028684016,3080,0
premature_death_raw_value,MO12,MO21,0.04795305733454862,0.2931443378125944,-0.04145134033901203,0.13735745500810925,3080,0
premature_death_raw_value,MO13,MO21,-0.033108838326794204,0.29812236117740476,-0.09547703117725428,0.02925935452366587,3080,0
premature_death_raw_value,MO14,MO21,0.024284111845285505,0.5000351286758652,-0.04628758358518008,0.09485580727575109,3080,0
premature_death_raw_value,MO15,MO21,-0.01559930060714855,0.5959229662656507,-0.07325656869624803,0.042057967481950925,3080,0
