,auc,pr_auc,balanced_acc
mean,0.8393246953387865,0.49134184335086273,0.7428929948370951
std,0.020142351277903398,0.04930628711002756,0.02263053185124387
