,auc,pr_auc,balanced_acc
mean,0.8227108047206885,0.416263818091611,0.7247126065625386
std,0.026897150764172463,0.062320895433929165,0.03223894481985437
