,auc,pr_auc,balanced_acc
mean,0.8063150094561861,0.3714206967275558,0.7059994510752668
std,0.024540908306514907,0.05471853145348462,0.02959093702948855
