,auc,pr_auc,balanced_acc
mean,0.8353933221336027,0.5187676707478412,0.7406363953747284
std,0.01986028957604064,0.04667953960459136,0.02137597979923339
