,auc,pr_auc,balanced_acc
mean,0.8266825844917902,0.4476228112930617,0.7304724830684785
std,0.02638906159951536,0.05934572485532991,0.030198060855637462
