,auc,pr_auc,balanced_acc
mean,0.918212395820471,0.8179476668679458,0.8321678385419612
std,0.012857149699544273,0.03197316915364867,0.015109855939317712
